PartitionKey,RowKey,t,Latitude,Longitude,SpeedKPH
redroute,0,5.0,37.8084485,-122.41394149999999,0.0
redroute,1,10.0,37.8084485,-122.41394149999999,0.0
redroute,2,15.0,37.8084305,-122.4140795,11.52
redroute,3,20.0,37.80836925233645,-122.41393504672897,11.52
redroute,4,25.0,37.8082346728972,-122.41394345794392,11.52
redroute,5,30.0,37.80809112149533,-122.41395242990654,11.52
redroute,6,35.0,37.807956542056075,-122.4139608411215,11.52
redroute,7,40.0,37.807812990654206,-122.41396981308411,11.52
redroute,8,45.0,37.80767841121495,-122.41397822429906,11.52
redroute,9,50.0,37.80753485981309,-122.41398719626169,11.52
redroute,10,55.0,37.80733924528302,-122.41395952830189,18.72
redroute,11,60.0,37.80710867924528,-122.4139129245283,18.72
redroute,12,65.0,37.80686924528302,-122.41386452830189,18.72
redroute,13,70.0,37.80663867924528,-122.4138179245283,18.72
redroute,14,75.0,37.8064087012987,-122.4137709090909,18.72
redroute,15,80.0,37.806187922077925,-122.41372545454544,18.72
redroute,16,85.0,37.80595831168831,-122.41367818181817,18.72
redroute,17,90.0,37.80578931034483,-122.41364448275861,10.08
redroute,18,95.0,37.80566379310345,-122.41362034482759,10.08
redroute,19,100.0,37.80561,-122.41361,0.0
redroute,20,105.0,37.80561,-122.41361,0.0
redroute,21,110.0,37.8056004854369,-122.41368883495146,19.44
redroute,22,115.0,37.80556242718447,-122.41400417475728,19.44
redroute,23,120.0,37.80552572815534,-122.41430825242719,19.44
redroute,24,125.0,37.80548766990291,-122.41462359223301,19.44
redroute,25,130.0,37.80545057142857,-122.41495942857144,25.20
redroute,26,135.0,37.80540285714286,-122.41532714285715,25.20
redroute,27,140.0,37.80535395348837,-122.41572220930233,25.20
redroute,28,145.0,37.80530651162791,-122.41610569767442,25.20
redroute,29,150.0,37.805256,-122.416504,25.20
redroute,30,155.0,37.80522,-122.41688,25.20
redroute,31,160.0,37.80521666666667,-122.41720333333333,10.80
redroute,32,5.0,37.805235714285715,-122.41722857142857,0.0
redroute,33,10.0,37.805235714285715,-122.41722857142857,0.0
redroute,34,15.0,37.80523818181818,-122.41724,14.40
redroute,35,20.0,37.805325967741936,-122.4174485483871,14.40
redroute,36,25.0,37.80543935483871,-122.41761096774194,14.40
redroute,37,30.0,37.80555870967742,-122.41778193548387,14.40
redroute,38,35.0,37.805672096774195,-122.41794435483871,14.40
redroute,39,40.0,37.805792,-122.4181162,14.40
redroute,40,45.0,37.805918,-122.41829680000001,14.40
redroute,41,50.0,37.806005,-122.418285,18.72
redroute,42,55.0,37.80603979381443,-122.41799020618556,18.72
redroute,43,60.0,37.80607072164948,-122.41770927835051,18.72
redroute,44,65.0,37.806102886597934,-122.41741711340207,18.72
redroute,45,70.0,37.80613381443299,-122.417136185567,18.72
redroute,46,75.0,37.806170205479454,-122.41684410958904,18.72
redroute,47,80.0,37.80620616438356,-122.41656328767124,18.72
redroute,48,85.0,37.80624356164384,-122.41627123287671,18.72
redroute,49,90.0,37.806279520547946,-122.41599041095891,18.72
redroute,50,95.0,37.80631691780822,-122.41569835616438,18.72
redroute,51,100.0,37.8063529787234,-122.41541744680852,18.72
redroute,52,105.0,37.80639170212766,-122.41512425531916,18.72
redroute,53,110.0,37.80642787878788,-122.41484272727273,18.72
redroute,54,115.0,37.80646202020202,-122.41455121212121,18.72
redroute,55,120.0,37.80649484848485,-122.4142709090909,18.72
redroute,56,125.0,37.80652898989899,-122.41397939393939,18.72
redroute,57,130.0,37.80655,-122.4138,0.0
redroute,58,135.0,37.80655,-122.4138,0.0
redroute,59,140.0,37.80655,-122.4138,5.76
redroute,60,145.0,37.80634688311688,-122.41375818181818,18.72
redroute,61,150.0,37.806126103896105,-122.41371272727272,18.72
redroute,62,155.0,37.805896493506495,-122.41366545454545,18.72
redroute,63,160.0,37.805753448275865,-122.41363758620689,10.08
redroute,64,165.0,37.805627931034486,-122.41361344827587,10.08
redroute,65,170.0,37.80561,-122.41361,0.0
redroute,66,175.0,37.80561,-122.41361,0.0
redroute,67,180.0,37.80563157534247,-122.41344150684932,19.44
redroute,68,185.0,37.8056704109589,-122.41313821917808,19.44
redroute,69,190.0,37.805710684931505,-122.41282369863013,19.44
redroute,70,195.0,37.80574952054794,-122.4125204109589,19.44
redroute,71,200.0,37.80578979452054,-122.41220589041096,19.44
redroute,72,205.0,37.80582952380952,-122.41189142857142,23.76
redroute,73,210.0,37.805875782312924,-122.41150979591836,23.76
redroute,74,215.0,37.8059206802721,-122.4111393877551,23.76
redroute,75,220.0,37.805966938775505,-122.41075775510204,23.76
redroute,76,225.0,37.80601183673469,-122.41038734693878,23.76
redroute,77,230.0,37.806058620689655,-122.41000620689655,23.76
redroute,78,235.0,37.806105,-122.409625,28.08
redroute,79,240.0,37.80615823529412,-122.4091994117647,28.08
redroute,80,245.0,37.80621658959538,-122.4087623699422,28.08
redroute,81,250.0,37.806273699421965,-122.40833624277457,28.08
redroute,82,255.0,37.80633231213873,-122.4078989017341,28.08
redroute,83,260.0,37.80638942196532,-122.40747277456647,28.08
redroute,84,265.0,37.80644368421053,-122.40702631578947,32.40
redroute,85,270.0,37.80651294117647,-122.40656470588236,32.40
redroute,86,275.0,37.80658674418605,-122.4060623255814,32.40
redroute,87,280.0,37.806475,-122.4056645945946,28.08
redroute,88,285.0,37.80628,-122.40529567567567,28.08
redroute,89,290.0,37.806125,-122.40500352941176,19.44
redroute,90,295.0,37.80598111111111,-122.40475777777777,19.44
redroute,91,300.0,37.80581476190476,-122.40452238095237,19.44
redroute,92,305.0,37.805654000000004,-122.40429400000001,19.44
redroute,93,310.0,37.805485999999995,-122.40405799999999,19.44
redroute,94,315.0,37.805325454545454,-122.40383181818181,19.44
redroute,95,320.0,37.80515411764706,-122.4035988235294,19.44
redroute,96,325.0,37.80496,-122.40334,26.64
redroute,97,330.0,37.804739473684215,-122.40302105263157,26.64
redroute,98,335.0,37.80452230769231,-122.40271692307692,26.64
redroute,99,340.0,37.80429818181818,-122.40240454545454,26.64
redroute,100,345.0,37.804058064516134,-122.40212806451613,25.20
redroute,101,350.0,37.80398,-122.40205,0.0
redroute,102,355.0,37.80398,-122.40205,0.0
redroute,103,360.0,37.80392,-122.40208333333334,19.44
redroute,104,365.0,37.803595666666666,-122.40205333333333,26.64
redroute,105,370.0,37.803277666666666,-122.40199333333334,26.64
redroute,106,375.0,37.802948888888885,-122.40193272727272,26.64
redroute,107,380.0,37.80262888888889,-122.40186727272727,26.64
redroute,108,385.0,37.8023,-122.4018,26.64
redroute,109,390.0,37.801979207920795,-122.40173940594059,26.64
redroute,110,395.0,37.8016495049505,-122.40167712871286,26.64
redroute,111,400.0,37.80132888888889,-122.40161666666667,26.64
redroute,112,405.0,37.801,-122.401555,26.64
redroute,113,410.0,37.800681153846156,-122.40148807692307,26.64
redroute,114,415.0,37.80035371428571,-122.40141828571429,26.64
redroute,115,420.0,37.800034857142855,-122.40135314285715,26.64
redroute,116,425.0,37.79970714285714,-122.4012861904762,26.64
redroute,117,430.0,37.79938794392523,-122.40122158878505,26.64
redroute,118,435.0,37.79905943925234,-122.40115588785046,26.64
redroute,119,440.0,37.79873981308411,-122.40109196261682,26.64
redroute,120,445.0,37.79845534246576,-122.40103506849316,18.00
redroute,121,450.0,37.79822383561644,-122.4009887671233,18.00
redroute,122,455.0,37.798001232876715,-122.40094424657535,18.00
redroute,123,460.0,37.797740322580644,-122.40089612903226,20.88
redroute,124,465.0,37.79748132653061,-122.40084704081633,20.88
redroute,125,470.0,37.797214999999994,-122.400795,20.88
redroute,126,475.0,37.796957551020405,-122.40074469387756,20.88
redroute,127,480.0,37.796691650485435,-122.40069155339806,20.88
redroute,128,485.0,37.796435436893205,-122.40063805825243,20.88
redroute,129,490.0,37.796170388349516,-122.4005827184466,20.88
redroute,130,495.0,37.79591417475728,-122.40052922330098,20.88
redroute,131,500.0,37.795647173913046,-122.40047108695653,20.88
redroute,132,505.0,37.7953894117647,-122.40041588235295,20.88
redroute,133,510.0,37.79512470588235,-122.40036294117647,20.88
redroute,134,515.0,37.79501,-122.40034,0.0
redroute,135,520.0,37.79501,-122.40034,0.0
redroute,136,525.0,37.79501387096774,-122.40031741935483,10.08
redroute,137,530.0,37.79505645161291,-122.40006903225806,17.28
redroute,138,535.0,37.795104,-122.399766,20.16
redroute,139,540.0,37.79515736842105,-122.39946842105263,20.16
redroute,140,545.0,37.79518904761905,-122.39915142857143,20.16
redroute,141,550.0,37.79523666666667,-122.39884666666667,20.16
redroute,142,555.0,37.79528784313725,-122.39853411764706,20.16
redroute,143,560.0,37.79533019607843,-122.39823235294118,20.16
redroute,144,565.0,37.79536,-122.39802,0.0
redroute,145,570.0,37.79536,-122.39802,0.0
redroute,146,575.0,37.79536,-122.39802,3.60
redroute,147,5.0,37.79530125,-122.39799791666667,0.0
redroute,148,10.0,37.79530125,-122.39799791666667,0.0
redroute,149,15.0,37.795205,-122.397975,10.08
redroute,150,20.0,37.79509125,-122.39794791666667,10.08
redroute,151,25.0,37.79496875,-122.39791875,10.08
redroute,152,30.0,37.795274444444445,-122.39799259259259,10.08
redroute,153,35.0,37.79515,-122.39796666666666,10.08
redroute,154,40.0,37.79503444444444,-122.3979425925926,10.08
redroute,155,45.0,37.79491,-122.39791666666667,10.08
redroute,156,50.0,37.79479454545454,-122.39789272727273,10.08
redroute,157,55.0,37.794670454545454,-122.39786727272727,10.08
redroute,158,60.0,37.794555227272724,-122.39784363636363,10.08
redroute,159,65.0,37.794431111111116,-122.39781828282828,10.08
redroute,160,70.0,37.794315555555556,-122.39779595959595,10.08
redroute,161,75.0,37.79419111111111,-122.39777191919191,10.08
redroute,162,80.0,37.79407555555556,-122.3977495959596,10.08
redroute,163,85.0,37.79395111111111,-122.39772555555555,10.08
redroute,164,90.0,37.79383555555555,-122.39770323232322,10.08
redroute,165,95.0,37.79371111111111,-122.3976791919192,10.08
redroute,166,100.0,37.793595555555555,-122.39765686868687,10.08
redroute,167,105.0,37.79343222222222,-122.39760666666666,11.52
redroute,168,110.0,37.793325555555555,-122.39758666666667,8.64
redroute,169,115.0,37.79322777777777,-122.39756833333334,8.64
redroute,170,120.0,37.793121111111105,-122.39754833333333,8.64
redroute,171,125.0,37.79302333333333,-122.39753,8.64
redroute,172,130.0,37.792895,-122.39751,11.52
redroute,173,135.0,37.7927624,-122.397486,11.52
redroute,174,140.0,37.792621600000004,-122.39745400000001,11.52
redroute,175,145.0,37.79249875,-122.3974225,10.08
redroute,176,150.0,37.79236823529412,-122.39733411764706,23.04
redroute,177,155.0,37.79216023255814,-122.39708348837209,23.04
redroute,178,160.0,37.791959285714285,-122.39684199999999,23.04
redroute,179,165.0,37.79175357142857,-122.396586,23.04
redroute,180,170.0,37.79155432835821,-122.39633776119403,23.04
redroute,181,175.0,37.79134895522388,-122.39607985074628,23.04
redroute,182,180.0,37.7911628358209,-122.39584611940299,12.96
redroute,183,185.0,37.79115,-122.39583,0.0
redroute,184,190.0,37.79115,-122.39583,0.0
redroute,185,195.0,37.79124,-122.39571666666667,16.56
redroute,186,200.0,37.79138785714286,-122.39553047619047,16.56
redroute,187,205.0,37.791526315789476,-122.39535210526316,16.56
redroute,188,210.0,37.791665333333334,-122.39517666666667,15.12
redroute,189,215.0,37.79179833333333,-122.39500166666667,15.12
redroute,190,220.0,37.79193766666666,-122.394824,16.56
redroute,191,225.0,37.792077,-122.394648,16.56
redroute,192,230.0,37.792222549019606,-122.39446392156863,16.56
redroute,193,235.0,37.79236058823529,-122.39428705882354,16.56
redroute,194,240.0,37.79250490196078,-122.39410215686274,16.56
redroute,195,245.0,37.79264571428571,-122.39392857142857,16.56
redroute,196,250.0,37.79279357142857,-122.39374785714286,16.56
redroute,197,255.0,37.79291962962963,-122.39358518518517,15.12
redroute,198,260.0,37.793053571428565,-122.39341476190476,15.12
redroute,199,265.0,37.79318214285714,-122.39325285714285,15.12
redroute,200,5.0,37.793233571428566,-122.3931880952381,0.0
redroute,201,10.0,37.793233571428566,-122.3931880952381,0.0
redroute,202,15.0,37.793169285714285,-122.39326904761904,8.64
redroute,203,20.0,37.79308571428571,-122.39337428571429,8.64
redroute,204,25.0,37.793008571428565,-122.39347142857143,8.64
redroute,205,30.0,37.79319536231884,-122.3932368115942,8.64
redroute,206,35.0,37.79311884057971,-122.39333420289854,8.64
redroute,207,40.0,37.793035942028986,-122.39343971014493,8.64
redroute,208,45.0,37.792959420289854,-122.39353710144927,8.64
redroute,209,50.0,37.79287652173913,-122.39364260869564,8.64
redroute,210,55.0,37.7928,-122.39374,10.08
redroute,211,60.0,37.79267142857143,-122.39389714285714,14.40
redroute,212,65.0,37.79253642857143,-122.39406214285714,14.40
redroute,213,70.0,37.792398235294115,-122.3942388235294,15.84
redroute,214,75.0,37.79225392156862,-122.3944237254902,15.84
redroute,215,80.0,37.792114999999995,-122.3946,15.84
redroute,216,85.0,37.79196933333333,-122.394784,15.84
redroute,217,90.0,37.79183,-122.39496,15.84
redroute,218,95.0,37.791684333333336,-122.39515166666666,15.84
redroute,219,100.0,37.79155157894737,-122.39532052631579,14.40
redroute,220,105.0,37.79141357142857,-122.3954980952381,15.84
redroute,221,110.0,37.791272142857146,-122.3956761904762,15.84
redroute,222,115.0,37.79112333333333,-122.39586111111112,15.84
redroute,223,120.0,37.79097933333333,-122.396034,15.84
redroute,224,125.0,37.790833666666664,-122.396218,15.84
redroute,225,130.0,37.790694333333334,-122.396394,15.84
redroute,226,135.0,37.790548666666666,-122.396578,15.84
redroute,227,140.0,37.79040888888889,-122.39675444444445,14.40
redroute,228,145.0,37.79028111111111,-122.39691555555557,14.40
redroute,229,150.0,37.790146944444444,-122.39708472222223,14.40
redroute,230,155.0,37.79001916666667,-122.39724583333333,14.40
redroute,231,160.0,37.789885,-122.397415,14.40
redroute,232,165.0,37.78975736842105,-122.39757631578948,18.72
redroute,233,170.0,37.789593157894735,-122.39778842105262,18.72
redroute,234,175.0,37.78943454545455,-122.39799272727272,18.72
redroute,235,180.0,37.789269090909094,-122.39820545454545,18.72
redroute,236,185.0,37.78910903225807,-122.39840870967743,18.72
redroute,237,190.0,37.78894181818182,-122.39861772727274,20.16
redroute,238,195.0,37.78876363636363,-122.39884045454546,20.16
redroute,239,200.0,37.788596734693876,-122.39905959183673,20.16
redroute,240,205.0,37.788425918367345,-122.39927448979591,20.16
redroute,241,210.0,37.788253125000004,-122.39948875,18.72
redroute,242,215.0,37.788091666666666,-122.39968666666667,18.72
redroute,243,220.0,37.787946363636365,-122.39986954545454,12.96
redroute,244,225.0,37.787831818181814,-122.40001272727272,12.96
redroute,245,230.0,37.78771090909091,-122.40016386363637,12.96
redroute,246,235.0,37.78759636363636,-122.40030704545455,12.96
redroute,247,240.0,37.78747545454546,-122.40045818181818,12.96
redroute,248,245.0,37.78733125,-122.400644375,18.72
redroute,249,250.0,37.78716875,-122.400855625,18.72
redroute,250,255.0,37.7870125,-122.40105875,18.72
redroute,251,260.0,37.78685,-122.40127,18.72
redroute,252,265.0,37.786716086956524,-122.40145173913044,15.84
redroute,253,270.0,37.78657608695652,-122.40164173913044,15.84
redroute,254,275.0,37.786440769230765,-122.40182769230769,15.84
redroute,255,280.0,37.786324615384615,-122.40202923076923,15.84
redroute,256,285.0,37.78613333333334,-122.40225757575757,21.60
redroute,257,290.0,37.785959999999996,-122.40245454545455,18.72
redroute,258,295.0,37.78579909090909,-122.4026496969697,18.72
redroute,259,300.0,37.78563344827586,-122.40285724137931,18.72
redroute,260,305.0,37.78547396551724,-122.4030598275862,18.72
redroute,261,310.0,37.78530714285714,-122.40326999999999,18.72
redroute,262,315.0,37.78514285714286,-122.40347,18.72
redroute,263,320.0,37.784975384615386,-122.40367692307692,18.72
redroute,264,325.0,37.78481545454546,-122.40387727272727,18.72
redroute,265,330.0,37.78465,-122.40409,18.72
redroute,266,335.0,37.78449729729729,-122.4042862162162,12.96
redroute,267,340.0,37.784395675675675,-122.40441594594594,11.52
redroute,268,345.0,37.78429405405405,-122.40454567567568,11.52
redroute,269,350.0,37.78419878378378,-122.4046672972973,11.52
redroute,270,355.0,37.78409716216216,-122.40479702702703,11.52
redroute,271,360.0,37.78397653846154,-122.40495076923077,25.92
redroute,272,365.0,37.78373538461538,-122.40525769230769,27.36
redroute,273,370.0,37.7835032,-122.405556,27.36
redroute,274,375.0,37.78326,-122.40586,27.36
redroute,275,380.0,37.783,-122.40612,25.92
redroute,276,385.0,37.782822045454544,-122.40635727272728,20.16
redroute,277,390.0,37.78267917647059,-122.40654494117648,8.64
redroute,278,395.0,37.78260294117647,-122.40664235294118,8.64
redroute,279,400.0,37.78252035294118,-122.40674788235295,8.64
redroute,280,405.0,37.78244411764706,-122.40684529411764,8.64
redroute,281,410.0,37.782361529411766,-122.40695082352941,8.64
redroute,282,415.0,37.78228529411765,-122.40704823529411,8.64
redroute,283,420.0,37.782202705882355,-122.40715376470588,8.64
redroute,284,425.0,37.78203716049383,-122.40737580246913,25.92
redroute,285,430.0,37.781806049382716,-122.40766024691358,25.92
redroute,286,435.0,37.78156851851851,-122.4079525925926,25.92
redroute,287,440.0,37.78139066666667,-122.408176,18.72
redroute,288,445.0,37.781226,-122.408384,18.72
redroute,289,450.0,37.781067666666665,-122.408584,18.72
redroute,290,455.0,37.780915825242715,-122.408776407767,14.40
redroute,291,460.0,37.780783300970874,-122.40894563106797,14.40
redroute,292,465.0,37.78065708737864,-122.4091067961165,14.40
redroute,293,470.0,37.780524563106795,-122.40927601941748,14.40
redroute,294,475.0,37.78039834951456,-122.40943718446601,14.40
redroute,295,480.0,37.78026333333333,-122.409606,14.40
redroute,296,485.0,37.78012090909091,-122.40978454545456,17.28
redroute,297,490.0,37.77997517241379,-122.40997241379311,17.28
redroute,298,495.0,37.77982344827586,-122.41016827586208,17.28
redroute,299,500.0,37.77967804597701,-122.4103559770115,17.28
redroute,300,505.0,37.77952632183908,-122.41055183908047,17.28
redroute,301,510.0,37.7793893877551,-122.41071918367348,14.40
redroute,302,515.0,37.77925877551021,-122.41087836734694,14.40
redroute,303,520.0,37.7792,-122.41095,0.0
redroute,304,525.0,37.7792,-122.41095,0.0
redroute,305,530.0,37.779246666666666,-122.41100333333333,18.72
redroute,306,535.0,37.779466666666664,-122.41125476190476,24.48
redroute,307,540.0,37.77963909090909,-122.41146886363636,18.72
redroute,308,545.0,37.77980487179487,-122.41167564102564,18.72
redroute,309,550.0,37.77997794871795,-122.41189025641026,18.72
redroute,310,555.0,37.7801486440678,-122.41209779661017,18.72
redroute,311,560.0,37.78032254237288,-122.41231288135593,18.72
redroute,312,565.0,37.78049,-122.41252,18.72
redroute,313,570.0,37.780651147540986,-122.41272426229509,15.84
redroute,314,575.0,37.780798196721314,-122.41290901639344,15.84
redroute,315,580.0,37.780938852459016,-122.41308573770492,15.84
redroute,316,585.0,37.780977368421055,-122.41324052631579,8.64
redroute,317,590.0,37.78095842105263,-122.41337631578948,8.64
redroute,318,595.0,37.780941052631576,-122.41350078947369,8.64
redroute,319,600.0,37.78091909090909,-122.41364545454546,10.08
redroute,320,605.0,37.780902,-122.413792,10.08
redroute,321,610.0,37.78088714285714,-122.41395285714285,10.08
redroute,322,615.0,37.78086857142857,-122.41410142857143,10.08
redroute,323,620.0,37.78084857142857,-122.41426142857142,10.08
redroute,324,625.0,37.78083,-122.41441,10.08
redroute,325,630.0,37.78080923076923,-122.41456897435897,10.08
redroute,326,635.0,37.78078923076923,-122.41471564102564,10.08
redroute,327,640.0,37.78076769230769,-122.41487358974359,10.08
redroute,328,645.0,37.78074888888889,-122.41501888888888,10.08
redroute,329,650.0,37.78072944444445,-122.41517444444445,10.08
redroute,330,655.0,37.78071138888889,-122.41531888888889,10.08
redroute,331,660.0,37.780679122807015,-122.41557701754385,17.28
redroute,332,665.0,37.78064684210526,-122.4158352631579,17.28
redroute,333,670.0,37.780618000000004,-122.416071,12.96
redroute,334,675.0,37.78059266666667,-122.41628422222222,12.96
redroute,335,680.0,37.78056866666667,-122.41648622222222,12.96
redroute,336,685.0,37.780543333333334,-122.41669944444445,12.96
redroute,337,690.0,37.78051933333333,-122.41690144444443,12.96
redroute,338,695.0,37.780496,-122.41707,8.64
redroute,339,700.0,37.78047325,-122.41721625,8.64
redroute,340,705.0,37.780452249999996,-122.41735125,8.64
redroute,341,710.0,37.78042333333333,-122.4175411111111,18.72
redroute,342,715.0,37.780381363636366,-122.41783045454545,18.72
redroute,343,720.0,37.780341590909096,-122.41810886363636,18.72
redroute,344,725.0,37.78030022727273,-122.41839840909091,18.72
redroute,345,730.0,37.780271590909095,-122.41859886363636,0.00
redroute,346,735.0,37.78027,-122.41861,0.0
redroute,347,740.0,37.78027,-122.41861,0.0
redroute,348,5.0,37.7803,-122.41861,0.0
redroute,349,10.0,37.7803,-122.41861,0.0
redroute,350,15.0,37.780202,-122.418586,14.40
redroute,351,20.0,37.78001355263158,-122.41854447368421,18.72
redroute,352,25.0,37.77977552631579,-122.4184947368421,18.72
redroute,353,30.0,37.779546315789474,-122.41844684210525,18.72
redroute,354,35.0,37.7793077,-122.41839809999999,18.72
redroute,355,40.0,37.7790763,-122.4183539,18.72
redroute,356,45.0,37.778836,-122.418308,18.72
redroute,357,50.0,37.7786046,-122.41826379999999,18.72
redroute,358,55.0,37.77848,-122.41824,0.0
redroute,359,60.0,37.77848,-122.41824,0.0
redroute,360,65.0,37.77847603773585,-122.41827396226415,13.68
redroute,361,70.0,37.778441698113205,-122.4185683018868,19.44
redroute,362,75.0,37.77840333333334,-122.41887333333334,15.12
redroute,363,80.0,37.778372222222224,-122.41902888888889,9.36
redroute,364,85.0,37.77835434782609,-122.41917565217392,9.36
redroute,365,90.0,37.77833516129032,-122.41933387096775,9.36
redroute,366,95.0,37.77831419354839,-122.4194806451613,9.36
redroute,367,100.0,37.778291612903224,-122.41963870967743,9.36
redroute,368,105.0,37.778238571428574,-122.41992428571429,15.12
redroute,369,110.0,37.77823,-122.41997,0.0
redroute,370,115.0,37.77823,-122.41997,0.0
redroute,371,120.0,37.77814111111111,-122.41995148148149,13.68
redroute,372,125.0,37.77797222222222,-122.41991629629631,13.68
redroute,373,130.0,37.777812222222224,-122.41988296296297,13.68
redroute,374,135.0,37.777590377358486,-122.41983943396227,22.32
redroute,375,140.0,37.77731547169811,-122.41978679245284,22.32
redroute,376,145.0,37.77705840909091,-122.41973454545455,20.88
redroute,377,150.0,37.77679157894737,-122.41967684210526,20.88
redroute,378,155.0,37.776535609756095,-122.41962414634146,20.88
redroute,379,160.0,37.77636,-122.41959,0.0
redroute,380,165.0,37.77636,-122.41959,0.0
redroute,381,170.0,37.77636,-122.41959,5.76
redroute,382,175.0,37.776343749999995,-122.41973625,10.08
redroute,383,5.0,37.77633869047619,-122.41978130952381,0.0
redroute,384,10.0,37.77633869047619,-122.41978130952381,0.0
redroute,385,15.0,37.77632428571428,-122.41990571428572,10.08
redroute,386,20.0,37.77630726190476,-122.42005273809524,10.08
redroute,387,25.0,37.776288928571425,-122.42021107142857,10.08
redroute,388,30.0,37.776271904761906,-122.4203580952381,10.08
redroute,389,35.0,37.77625357142857,-122.42051642857143,10.08
redroute,390,40.0,37.77623654761904,-122.42066345238095,10.08
redroute,391,45.0,37.77632818181818,-122.4198709090909,10.08
redroute,392,50.0,37.776311111111106,-122.42001666666667,10.08
redroute,393,55.0,37.776292727272725,-122.42017363636363,10.08
redroute,394,60.0,37.77627565656565,-122.4203193939394,10.08
redroute,395,65.0,37.77625727272727,-122.42047636363637,10.08
redroute,396,70.0,37.7762402020202,-122.42062212121212,10.08
redroute,397,75.0,37.77622181818182,-122.4207790909091,10.08
redroute,398,80.0,37.77620384615385,-122.4209246153846,10.08
redroute,399,85.0,37.77618230769231,-122.42108076923077,10.08
redroute,400,90.0,37.77615956521739,-122.42123782608697,11.52
redroute,401,95.0,37.776131739130435,-122.42141869565218,11.52
redroute,402,100.0,37.77610219512195,-122.42164317073171,14.40
redroute,403,105.0,37.77607292682927,-122.42186756097561,14.40
redroute,404,110.0,37.77604219512195,-122.4221031707317,14.40
redroute,405,115.0,37.77601292682927,-122.4223275609756,14.40
redroute,406,120.0,37.775982195121955,-122.4225631707317,14.40
redroute,407,125.0,37.77595292682927,-122.4227875609756,14.40
redroute,408,130.0,37.77593409638554,-122.42294445783132,10.08
redroute,409,135.0,37.775915542168676,-122.4231013253012,10.08
redroute,410,140.0,37.775898313253016,-122.4232469879518,10.08
redroute,411,145.0,37.775879759036144,-122.42340385542168,10.08
redroute,412,150.0,37.775862530120484,-122.42354951807228,10.08
redroute,413,155.0,37.77584397590362,-122.42370638554216,10.08
redroute,414,160.0,37.77582536585366,-122.42385219512195,10.08
redroute,415,165.0,37.77580487804878,-122.42400926829268,10.08
redroute,416,170.0,37.77578585365853,-122.42415512195122,10.08
redroute,417,175.0,37.775764,-122.424313,10.08
redroute,418,180.0,37.77573666666667,-122.42450333333333,11.52
redroute,419,185.0,37.775719629629634,-122.42464881481482,10.08
redroute,420,190.0,37.77569888888889,-122.42480644444444,10.08
redroute,421,195.0,37.775679629629636,-122.42495281481482,10.08
redroute,422,200.0,37.77565888888889,-122.42511044444444,10.08
redroute,423,205.0,37.77563962962963,-122.42525681481482,10.08
redroute,424,210.0,37.77561888888889,-122.42541444444444,10.08
redroute,425,215.0,37.77559962962963,-122.42556081481482,10.08
redroute,426,220.0,37.775578888888894,-122.42571844444444,10.08
redroute,427,225.0,37.77555962962963,-122.42586481481482,10.08
redroute,428,230.0,37.77553888888889,-122.42602244444444,10.08
redroute,429,235.0,37.77551653061225,-122.42619102040817,11.52
redroute,430,240.0,37.775492585034016,-122.4263706122449,11.52
redroute,431,245.0,37.775467142857146,-122.42656142857143,11.52
redroute,432,250.0,37.77544319727891,-122.42674102040816,11.52
redroute,433,255.0,37.77541775510204,-122.4269318367347,11.52
redroute,434,260.0,37.77539380952381,-122.42711142857144,11.52
redroute,435,265.0,37.775368367346935,-122.42730224489796,11.52
redroute,436,270.0,37.77534442176871,-122.4274818367347,11.52
redroute,437,275.0,37.77531897959184,-122.42767265306122,11.52
redroute,438,280.0,37.775292,-122.427839,10.08
redroute,439,285.0,37.77527311111111,-122.42798511111111,10.08
redroute,440,290.0,37.775253407407405,-122.42814274074075,10.08
redroute,441,295.0,37.77523511111111,-122.42828911111111,10.08
redroute,442,300.0,37.77521540740741,-122.42844674074075,10.08
redroute,443,305.0,37.77519711111111,-122.42859311111111,10.08
redroute,444,310.0,37.775177407407405,-122.42875074074075,10.08
redroute,445,315.0,37.775159111111115,-122.42889711111111,10.08
redroute,446,320.0,37.77513940740741,-122.42905474074075,10.08
redroute,447,325.0,37.77512111111111,-122.42920111111111,10.08
redroute,448,330.0,37.77510140740741,-122.42935874074075,10.08
redroute,449,335.0,37.77508153846154,-122.42949923076922,10.08
redroute,450,340.0,37.77503333333333,-122.42990407407407,34.56
redroute,451,345.0,37.77496933333334,-122.43044451851853,34.56
redroute,452,350.0,37.774904,-122.43099622222223,34.56
redroute,453,355.0,37.77485703703704,-122.43135759259259,18.72
redroute,454,360.0,37.77482,-122.43164,18.72
redroute,455,365.0,37.774774782608695,-122.43199826086956,23.04
redroute,456,370.0,37.77473097826087,-122.43234532608696,23.04
redroute,457,375.0,37.77468565517241,-122.43270372413794,23.04
redroute,458,380.0,37.77464075862069,-122.43305220689655,23.04
redroute,459,385.0,37.7745944137931,-122.43341193103448,23.04
redroute,460,390.0,37.774549517241375,-122.4337604137931,23.04
redroute,461,395.0,37.77450317241379,-122.43412013793103,23.04
redroute,462,400.0,37.774461249999995,-122.43446875,23.04
redroute,463,405.0,37.774421249999996,-122.43482875,23.04
redroute,464,410.0,37.77438131578947,-122.43517710526315,23.04
redroute,465,415.0,37.774334999999994,-122.43553499999999,23.04
redroute,466,420.0,37.774290131578944,-122.43588171052632,23.04
redroute,467,425.0,37.77425786885246,-122.43612967213114,11.52
redroute,468,430.0,37.77423426229508,-122.4363106557377,11.52
redroute,469,435.0,37.774209180327865,-122.43650295081967,11.52
redroute,470,440.0,37.7741821686747,-122.43670602409638,20.16
redroute,471,445.0,37.77413361445783,-122.43705337349398,23.04
redroute,472,450.0,37.7740834939759,-122.43741192771084,23.04
redroute,473,455.0,37.77405238095238,-122.43771619047618,14.40
redroute,474,460.0,37.7740219047619,-122.43794095238094,14.40
redroute,475,465.0,37.773989904761905,-122.43817695238094,14.40
redroute,476,470.0,37.77395942857142,-122.43840171428572,14.40
redroute,477,475.0,37.773927428571426,-122.43863771428572,14.40
redroute,478,480.0,37.77389625,-122.43887375,20.16
redroute,479,485.0,37.77383288888889,-122.43941344444444,40.32
redroute,480,490.0,37.773745777777776,-122.44004188888889,40.32
redroute,481,495.0,37.773663454545456,-122.44066072727273,40.32
redroute,482,500.0,37.77358164179104,-122.44128537313432,40.32
redroute,483,505.0,37.773503656716414,-122.44190514925373,40.32
redroute,484,510.0,37.77342425373134,-122.44253619402986,40.32
redroute,485,515.0,37.77333623188406,-122.44315420289855,40.32
redroute,486,520.0,37.77325507246377,-122.4437831884058,40.32
redroute,487,525.0,37.77318330357143,-122.44440375,40.32
redroute,488,530.0,37.77309830357143,-122.44503375,40.32
redroute,489,535.0,37.77301947368421,-122.44565578947369,40.32
redroute,490,540.0,37.772942666666665,-122.44620625,30.24
redroute,491,545.0,37.772886666666665,-122.44667875,30.24
redroute,492,550.0,37.772831999999994,-122.44714,30.24
redroute,493,555.0,37.7727658778626,-122.44761366412214,30.24
redroute,494,560.0,37.77270954198473,-122.44807374045801,30.24
redroute,495,565.0,37.77265183206107,-122.44854503816794,30.24
redroute,496,570.0,37.77259549618321,-122.44900511450382,30.24
redroute,497,575.0,37.77253882352941,-122.449475,30.24
redroute,498,580.0,37.772478529411764,-122.44993625,30.24
redroute,499,585.0,37.77241676470588,-122.45040875,30.24
redroute,500,590.0,37.77235142857143,-122.45086857142857,30.24
redroute,501,595.0,37.77229409090909,-122.4513396969697,30.24
redroute,502,600.0,37.772235593220344,-122.45179898305085,30.24
redroute,503,605.0,37.77217152542373,-122.45226881355933,30.24
redroute,504,610.0,37.772017500000004,-122.45277041666667,44.64
redroute,505,615.0,37.771755,-122.45340916666666,44.64
redroute,506,620.0,37.771578000000005,-122.45383,12.96
redroute,507,625.0,37.771501698113205,-122.45402,17.28
redroute,508,630.0,37.77137716981132,-122.45432,21.60
redroute,509,635.0,37.77124056603774,-122.4546496226415,33.12
redroute,510,640.0,37.770946,-122.45523200000001,46.08
redroute,511,645.0,37.77049125,-122.45547875,37.44
redroute,512,650.0,37.77004,-122.455315,37.44
redroute,513,655.0,37.76959344827586,-122.45509551724138,37.44
redroute,514,660.0,37.769142692307696,-122.45494730769231,37.44
redroute,515,665.0,37.76866789473684,-122.45496578947368,37.44
redroute,516,670.0,37.768295,-122.45528,37.44
redroute,517,675.0,37.768083069306925,-122.45582188118811,37.44
redroute,518,680.0,37.767897722772275,-122.45636247524752,37.44
redroute,519,685.0,37.76772741935484,-122.45692451612904,37.44
redroute,520,690.0,37.76755967741936,-122.45747806451612,37.44
redroute,521,695.0,37.76738823529412,-122.4580394117647,37.44
redroute,522,700.0,37.76723727272727,-122.4586009090909,37.44
redroute,523,705.0,37.76700909090909,-122.45913818181818,37.44
redroute,524,710.0,37.76668795918367,-122.45956224489795,37.44
redroute,525,715.0,37.76636714285714,-122.46001714285714,44.64
redroute,526,720.0,37.766224782608695,-122.46060565217391,27.36
redroute,527,725.0,37.76621151515152,-122.46104393939395,27.36
redroute,528,730.0,37.76619730769231,-122.46147653846154,27.36
redroute,529,735.0,37.766182307692304,-122.46192153846154,27.36
redroute,530,740.0,37.76616096774194,-122.46234806451614,27.36
redroute,531,745.0,37.766135806451615,-122.46278838709678,27.36
redroute,532,750.0,37.76611129032258,-122.46321741935483,27.36
redroute,533,755.0,37.76610430769231,-122.46366123076923,27.36
redroute,534,760.0,37.76609419354839,-122.46408161290323,21.60
redroute,535,765.0,37.76607310344828,-122.46444379310346,27.36
redroute,536,770.0,37.766048125000005,-122.46487671874999,27.36
redroute,537,775.0,37.766023749999995,-122.4653215625,27.36
redroute,538,780.0,37.76600666666666,-122.46575,27.36
redroute,539,785.0,37.76598466666667,-122.46619066666668,27.36
redroute,540,790.0,37.76597066666667,-122.46642866666667,0.00
redroute,541,795.0,37.76597,-122.46644,0.0
redroute,542,800.0,37.76597,-122.46644,0.0
redroute,543,805.0,37.76617,-122.46644,27.36
redroute,544,810.0,37.76651888888889,-122.4664408888889,27.36
redroute,545,815.0,37.766687777777776,-122.46645777777778,10.08
redroute,546,820.0,37.766803333333336,-122.46646933333334,10.08
redroute,547,825.0,37.76692846153846,-122.46648307692308,10.08
redroute,548,830.0,37.76704761904762,-122.46650333333334,10.08
redroute,549,835.0,37.76717095238095,-122.46652666666667,10.08
redroute,550,840.0,37.76728547619048,-122.46654833333334,10.08
redroute,551,845.0,37.76740869565218,-122.46657304347826,10.08
redroute,552,850.0,37.76752173913044,-122.46661260869566,10.08
redroute,553,855.0,37.76764444444444,-122.46665111111112,10.08
redroute,554,860.0,37.767753636363636,-122.46670909090909,10.08
redroute,555,865.0,37.76786,-122.466798,10.08
redroute,556,870.0,37.76794857142857,-122.46689285714285,10.08
redroute,557,875.0,37.76803042253521,-122.46701859154929,10.08
redroute,558,880.0,37.76809816901408,-122.46713943661972,10.08
redroute,559,885.0,37.76817112676056,-122.46726957746479,10.08
redroute,560,890.0,37.76823887323943,-122.4673904225352,10.08
redroute,561,895.0,37.768311830985915,-122.46752056338028,10.08
redroute,562,900.0,37.768379577464785,-122.4676414084507,10.08
redroute,563,905.0,37.768452499999995,-122.4677725,10.08
redroute,564,910.0,37.76852020833333,-122.467894375,10.08
redroute,565,915.0,37.768593124999995,-122.468025625,10.08
redroute,566,920.0,37.76866,-122.46814833333333,10.08
redroute,567,925.0,37.76873,-122.4682825,10.08
redroute,568,930.0,37.76876,-122.46834,0.0
redroute,569,935.0,37.76876,-122.46834,0.0
redroute,570,940.0,37.76880047619048,-122.46831619047619,9.36
redroute,571,945.0,37.76891380952381,-122.46824952380952,9.36
redroute,572,950.0,37.769023499999996,-122.46820149999999,9.36
redroute,573,955.0,37.7691425,-122.4681525,9.36
redroute,574,960.0,37.769253,-122.468107,9.36
redroute,575,965.0,37.76936,-122.46802500000001,9.36
redroute,576,970.0,37.76945,-122.46793,9.36
redroute,577,975.0,37.769536470588235,-122.46781264705882,9.36
redroute,578,980.0,37.76961676470588,-122.46770367647059,9.36
redroute,579,985.0,37.769703235294116,-122.4675863235294,9.36
redroute,580,990.0,37.76978352941176,-122.46747735294117,9.36
redroute,581,995.0,37.76987,-122.46736,9.36
redroute,582,1000.0,37.76994583333333,-122.46724895833333,9.36
redroute,583,1005.0,37.7700275,-122.467129375,9.36
redroute,584,1010.0,37.77010333333333,-122.46701833333333,9.36
redroute,585,1015.0,37.77018567567568,-122.46689972972973,9.36
redroute,586,1020.0,37.77026297297297,-122.4667908108108,9.36
redroute,587,1025.0,37.77034621621622,-122.46667351351351,9.36
redroute,588,5.0,37.770376363636366,-122.46663181818181,0.0
redroute,589,10.0,37.770376363636366,-122.46663181818181,0.0
redroute,590,15.0,37.77037609756098,-122.46663170731708,10.08
redroute,591,20.0,37.77045536585366,-122.46652390243902,10.08
redroute,592,25.0,37.77054073170732,-122.46640780487805,10.08
redroute,593,30.0,37.77062,-122.4663,10.08
redroute,594,35.0,37.770710588235296,-122.46618470588236,10.08
redroute,595,40.0,37.770807500000004,-122.466105,10.08
redroute,596,45.0,37.77092,-122.46605,10.08
redroute,597,50.0,37.77104,-122.46605,10.08
redroute,598,55.0,37.771164999999996,-122.46608,10.08
redroute,599,60.0,37.771268125,-122.466135625,10.08
redroute,600,65.0,37.771381874999996,-122.466214375,10.08
redroute,601,70.0,37.77147,-122.466308,10.08
redroute,602,75.0,37.77155470588235,-122.46642705882353,10.08
redroute,603,80.0,37.77162714285714,-122.46654142857143,10.08
redroute,604,85.0,37.771676666666664,-122.46669166666666,10.08
redroute,605,90.0,37.771711764705884,-122.46683352941177,10.08
redroute,606,95.0,37.77172,-122.46699,10.08
redroute,607,100.0,37.77172,-122.46714,10.08
redroute,608,105.0,37.77163871794872,-122.46726102564104,10.08
redroute,609,110.0,37.771562051282054,-122.46737435897437,10.08
redroute,610,115.0,37.77147948717949,-122.46749641025642,10.08
redroute,611,120.0,37.7714,-122.46761,10.08
redroute,612,125.0,37.77131894736842,-122.46773157894737,10.08
redroute,613,130.0,37.771243684210525,-122.46784447368421,10.08
redroute,614,135.0,37.771162000000004,-122.467964,10.08
redroute,615,140.0,37.77108571428572,-122.46807142857142,10.08
redroute,616,145.0,37.771005714285714,-122.46819142857143,10.08
redroute,617,150.0,37.77092695652174,-122.46829913043479,10.08
redroute,618,155.0,37.770842,-122.46841485714286,10.08
redroute,619,160.0,37.770764,-122.46852257142858,10.08
redroute,620,165.0,37.770680000000006,-122.46863857142857,10.08
redroute,621,170.0,37.77060027027027,-122.46874702702704,10.08
redroute,622,175.0,37.77051324324324,-122.46886432432433,10.08
redroute,623,180.0,37.770432432432436,-122.46897324324325,10.08
redroute,624,185.0,37.770349411764705,-122.46908882352942,10.08
redroute,625,190.0,37.770275,-122.4692,10.08
redroute,626,195.0,37.7701825,-122.46931000000001,10.08
redroute,627,200.0,37.77008142857142,-122.46938357142858,10.08
redroute,628,205.0,37.769971428571424,-122.46945857142858,10.08
redroute,629,210.0,37.769867999999995,-122.4695232,10.08
redroute,630,215.0,37.769756,-122.4695904,10.08
redroute,631,220.0,37.769645714285716,-122.4696392857143,10.08
redroute,632,225.0,37.76952795918368,-122.46969265306123,10.08
redroute,633,230.0,37.76941918367347,-122.46974306122449,10.08
redroute,634,235.0,37.76930204081633,-122.46979734693878,10.08
redroute,635,240.0,37.76921836734694,-122.46983612244898,0.00
redroute,636,245.0,37.76921,-122.46984,0.0
redroute,637,250.0,37.76921,-122.46984,0.0
redroute,638,255.0,37.76921238095238,-122.46989714285715,10.08
redroute,639,260.0,37.769219047619046,-122.47005714285714,10.08
redroute,640,265.0,37.76922523809524,-122.47020571428571,10.08
redroute,641,270.0,37.76922813953488,-122.47036558139536,10.08
redroute,642,275.0,37.76922209302326,-122.47051372093023,10.08
redroute,643,280.0,37.76921558139535,-122.47067325581395,10.08
redroute,644,285.0,37.769208636363636,-122.47082136363636,10.08
redroute,645,290.0,37.769189545454545,-122.47098045454545,10.08
redroute,646,295.0,37.769166874999996,-122.471125625,10.08
redroute,647,300.0,37.769136249999995,-122.47127875,10.08
redroute,648,305.0,37.76910629629629,-122.47142037037038,10.08
redroute,649,310.0,37.76905444444444,-122.47156555555556,10.08
redroute,650,315.0,37.76900533333333,-122.47169933333333,10.08
redroute,651,320.0,37.76894,-122.47183,10.08
redroute,652,325.0,37.76886296296296,-122.47194074074073,10.08
redroute,653,330.0,37.76878,-122.47206,10.08
redroute,654,335.0,37.7686864,-122.4721484,10.08
redroute,655,340.0,37.76858428571428,-122.47224142857142,10.08
redroute,656,345.0,37.76848181818182,-122.47231454545454,10.08
redroute,657,350.0,37.768366666666665,-122.47237333333332,10.08
redroute,658,355.0,37.76825657894737,-122.47241513157894,10.08
redroute,659,360.0,37.768135,-122.47245749999999,10.08
redroute,660,365.0,37.76802210526316,-122.47249684210526,10.08
redroute,661,370.0,37.76790052631579,-122.4725392105263,10.08
redroute,662,375.0,37.76778763157895,-122.47257855263157,10.08
redroute,663,380.0,37.767666052631576,-122.47262092105262,10.08
redroute,664,385.0,37.767555,-122.472675,10.08
redroute,665,390.0,37.76743666666667,-122.47274,10.08
redroute,666,395.0,37.767334705882355,-122.47281529411765,10.08
redroute,667,400.0,37.76723727272727,-122.47291636363636,10.08
redroute,668,405.0,37.76716074074074,-122.47302851851852,10.08
redroute,669,410.0,37.767093333333335,-122.47316333333333,10.08
redroute,670,415.0,37.76703666666666,-122.47329266666667,10.08
redroute,671,420.0,37.76699,-122.47344199999999,10.08
redroute,672,425.0,37.76694680851064,-122.47358063829786,10.08
redroute,673,430.0,37.76690212765958,-122.47372957446808,10.08
redroute,674,435.0,37.76686063829788,-122.47386787234042,10.08
redroute,675,440.0,37.76681595744681,-122.47401680851064,10.08
redroute,676,445.0,37.76677584905661,-122.47415528301886,10.08
redroute,677,450.0,37.766733584905666,-122.47430452830189,10.08
redroute,678,455.0,37.766694339622646,-122.47444311320754,10.08
redroute,679,460.0,37.766652075471704,-122.47459235849057,10.08
redroute,680,465.0,37.766612830188684,-122.47473094339622,10.08
redroute,681,470.0,37.766570566037736,-122.47488018867925,10.08
redroute,682,475.0,37.766531320754716,-122.4750187735849,10.08
redroute,683,480.0,37.766489056603774,-122.47516801886792,10.08
redroute,684,485.0,37.766455,-122.47530833333333,10.08
redroute,685,490.0,37.766420000000004,-122.47546,10.08
redroute,686,495.0,37.766387,-122.47560066666667,10.08
redroute,687,500.0,37.766345,-122.47575,10.08
redroute,688,505.0,37.766306,-122.47588866666666,10.08
redroute,689,510.0,37.76627517241379,-122.47604241379311,10.08
redroute,690,515.0,37.76624827586207,-122.47618586206896,10.08
redroute,691,520.0,37.76621931034483,-122.47634034482759,10.08
redroute,692,525.0,37.7661924137931,-122.47648379310345,10.08
redroute,693,530.0,37.76616545454545,-122.47663727272727,10.08
redroute,694,535.0,37.766141818181815,-122.47677909090909,10.08
redroute,695,540.0,37.766113999999995,-122.47693733333334,10.08
redroute,696,545.0,37.76613444444445,-122.47708222222222,10.08
redroute,697,550.0,37.766185,-122.47722999999999,10.08
redroute,698,555.0,37.766453999999996,-122.477396,43.20
redroute,699,560.0,37.7670428125,-122.47777796875,54.72
redroute,700,565.0,37.767674871794874,-122.47812923076924,54.72
redroute,701,570.0,37.768345675675675,-122.47825063063063,54.72
redroute,702,575.0,37.76903363636364,-122.47833272727273,54.72
redroute,703,580.0,37.76968782608696,-122.47858043478261,54.72
redroute,704,585.0,37.77031947368421,-122.47893157894737,54.72
redroute,705,590.0,37.770941666666666,-122.47927888888889,53.28
redroute,706,595.0,37.77157571428571,-122.47939357142857,54.72
redroute,707,600.0,37.772135000000006,-122.478925,54.72
redroute,708,605.0,37.77227264150943,-122.47809716981132,54.72
redroute,709,610.0,37.77231468085106,-122.4772259574468,56.16
redroute,710,615.0,37.77235464788732,-122.47642563380282,43.20
redroute,711,620.0,37.77241631578948,-122.47575973684211,43.20
redroute,712,625.0,37.77250083333333,-122.47508875,43.20
redroute,713,630.0,37.772487027027026,-122.47442378378378,43.20
redroute,714,635.0,37.77242216216216,-122.47374270270271,43.20
redroute,715,640.0,37.77235861538462,-122.47307984615384,43.20
redroute,716,645.0,37.77233124999999,-122.47239875,43.20
redroute,717,650.0,37.7726125,-122.47184250000001,43.20
redroute,718,655.0,37.773131,-122.47172,43.20
redroute,719,660.0,37.77365974025974,-122.47175012987013,43.20
redroute,720,665.0,37.774209795918374,-122.47179612244898,44.64
redroute,721,670.0,37.77475755102041,-122.47183346938776,44.64
redroute,722,675.0,37.77531432038835,-122.47187208737864,44.64
redroute,723,680.0,37.77586213592233,-122.47191058252427,44.64
redroute,724,685.0,37.77641893203884,-122.47194970873787,44.64
redroute,725,690.0,37.776966445497635,-122.47198862559242,44.64
redroute,726,695.0,37.777521800947866,-122.47202976303318,44.64
redroute,727,700.0,37.778068199052136,-122.47207023696683,44.64
redroute,728,705.0,37.77862355450237,-122.47211137440759,44.64
redroute,729,710.0,37.77908144927536,-122.47214202898552,33.12
redroute,730,715.0,37.779494782608694,-122.47216869565217,33.12
redroute,731,720.0,37.779899130434785,-122.4721947826087,33.12
redroute,732,725.0,37.78031246376811,-122.47222144927537,33.12
redroute,733,730.0,37.78070153846154,-122.47224846153847,24.48
redroute,734,735.0,37.78109476923077,-122.47227584615385,33.12
redroute,735,740.0,37.781527812499995,-122.4723084375,37.44
redroute,736,745.0,37.782003984374995,-122.472345703125,37.44
redroute,737,750.0,37.782471171875,-122.472382265625,37.44
redroute,738,755.0,37.782947799043065,-122.47241612440192,37.44
redroute,739,760.0,37.78341555023923,-122.47244846889953,37.44
redroute,740,765.0,37.78389229665072,-122.4724814354067,37.44
redroute,741,770.0,37.78436004784689,-122.4725137799043,37.44
redroute,742,775.0,37.78476283185841,-122.47254477876106,30.24
redroute,743,780.0,37.7851292920354,-122.47257380530974,30.24
redroute,744,785.0,37.785505192307696,-122.4726,34.56
redroute,745,790.0,37.786102325581396,-122.47258674418605,50.40
redroute,746,795.0,37.786708450704225,-122.47249084507042,50.40
redroute,747,800.0,37.7873248,-122.4723212,50.40
redroute,748,805.0,37.78792757575758,-122.47205893939395,50.40
redroute,749,810.0,37.78848387755102,-122.4717030612245,50.40
redroute,750,815.0,37.78903931972789,-122.47130700680273,50.40
redroute,751,820.0,37.78958584269663,-122.47091426966293,50.40
redroute,752,825.0,37.79012831460674,-122.47049146067417,50.40
redroute,753,830.0,37.79067619047619,-122.4700980952381,50.40
redroute,754,835.0,37.791263750000006,-122.46979541666666,50.40
redroute,755,840.0,37.791882307692305,-122.46962153846154,50.40
redroute,756,845.0,37.792519,-122.469556,50.40
redroute,757,850.0,37.7931598630137,-122.46952712328768,60.48
redroute,758,855.0,37.794103,-122.46950892307692,80.64
redroute,759,860.0,37.795102,-122.46949184615384,80.64
redroute,760,865.0,37.79610222222222,-122.46948,80.64
redroute,761,870.0,37.79709375,-122.46947,80.64
redroute,762,875.0,37.79810395348837,-122.46946,80.64
redroute,763,880.0,37.799102222222224,-122.46944222222223,80.64
redroute,764,885.0,37.80010814814815,-122.46942148148148,80.64
redroute,765,890.0,37.80110178571429,-122.46940392857142,77.76
redroute,766,895.0,37.802079,-122.46938725,77.76
redroute,767,900.0,37.803062999999995,-122.46940266666667,83.52
redroute,768,905.0,37.80393838709677,-122.46993322580646,77.76
redroute,769,910.0,37.80431,-122.47105733333333,77.76
redroute,770,915.0,37.80464,-122.472205,77.76
redroute,771,920.0,37.80521205128205,-122.47320974358973,79.20
redroute,772,925.0,37.805953205128205,-122.47405256410256,76.32
redroute,773,930.0,37.806654,-122.474761,59.04
redroute,774,935.0,37.80725727272728,-122.47534636363636,70.56
redroute,775,940.0,37.80788824561403,-122.47615105263158,73.44
redroute,776,945.0,37.808575833333336,-122.47690083333333,73.44
redroute,777,950.0,37.80941516129032,-122.47729096774194,73.44
redroute,778,955.0,37.81032620689655,-122.47740827586208,73.44
redroute,779,960.0,37.81123137931034,-122.47751172413794,73.44
redroute,780,965.0,37.81214571428571,-122.47763400000001,73.44
redroute,781,970.0,37.8130475,-122.47773500000001,73.44
redroute,782,975.0,37.813956575342466,-122.47785260273973,73.44
redroute,783,980.0,37.81496688188977,-122.47797311811024,83.52
redroute,784,985.0,37.81599735433071,-122.47809264566929,83.52
redroute,785,990.0,37.81703678740158,-122.47821321259842,83.52
redroute,786,995.0,37.81806725984252,-122.47833274015748,83.52
redroute,787,1000.0,37.81910669291339,-122.47845330708661,83.52
redroute,788,1005.0,37.82013716535433,-122.47857283464566,83.52
redroute,789,1010.0,37.82117662337662,-122.4786888497217,83.52
redroute,790,1015.0,37.822207142857145,-122.47879979591836,83.52
redroute,791,1020.0,37.823246623376626,-122.47891170686457,83.52
redroute,792,1025.0,37.82427714285714,-122.47902265306122,83.52
redroute,793,1030.0,37.82531662337662,-122.47913456400742,83.52
redroute,794,1035.0,37.82634394059406,-122.47925605940594,83.52
redroute,795,1040.0,37.8273821980198,-122.47937780198019,83.52
redroute,796,1045.0,37.828411504950495,-122.4794984950495,83.52
redroute,797,1050.0,37.829449762376235,-122.47962023762376,83.52
redroute,798,1055.0,37.83048,-122.47974,83.52
redroute,799,1060.0,37.83146325,-122.48000925000001,80.64
redroute,800,1065.0,37.83223724137931,-122.48059310344829,69.12
redroute,801,1070.0,37.832945555555554,-122.48139333333333,80.64
redroute,802,1075.0,37.83285363636364,-122.48078363636363,73.44
redroute,803,1080.0,37.832431875,-122.480034375,46.08
redroute,804,1085.0,37.832573333333336,-122.47963666666666,14.40
redroute,805,5.0,37.83261,-122.47963,0.0
redroute,806,10.0,37.83261,-122.47963,0.0
redroute,807,15.0,37.83276571428571,-122.47967857142858,34.56
redroute,808,20.0,37.83310612903226,-122.48039419354839,70.56
redroute,809,25.0,37.83320666666667,-122.48156333333333,80.64
redroute,810,30.0,37.83352,-122.482724,80.64
redroute,811,35.0,37.834281612903226,-122.48353311827957,80.64
redroute,812,40.0,37.8350548,-122.48397200000001,51.84
redroute,813,45.0,37.83563863636364,-122.48387727272727,47.52
redroute,814,50.0,37.83601066666667,-122.483906,15.84
redroute,815,55.0,37.83604,-122.48393,0.0
redroute,816,60.0,37.83604,-122.48393,0.0
redroute,817,65.0,37.83599615384615,-122.48401884615384,18.00
redroute,818,70.0,37.835807241379314,-122.48438896551724,23.76
redroute,819,75.0,37.835599411764704,-122.48470882352942,28.08
redroute,820,80.0,37.835285,-122.48496,28.08
redroute,821,85.0,37.834935217391305,-122.48498130434783,28.08
redroute,822,90.0,37.83461619047619,-122.48484047619048,28.08
redroute,823,95.0,37.83436260869565,-122.48453478260869,28.08
redroute,824,100.0,37.834182647058825,-122.48423470588236,20.88
redroute,825,105.0,37.83396333333334,-122.48392,41.04
redroute,826,110.0,37.83360918032787,-122.48339655737705,42.48
redroute,827,115.0,37.83328703703704,-122.4827437037037,49.68
redroute,828,120.0,37.833000740740744,-122.48206148148148,49.68
redroute,829,125.0,37.83264965517241,-122.48138137931033,59.76
redroute,830,130.0,37.832011860465116,-122.48054186046512,79.92
redroute,831,135.0,37.83112025641026,-122.47998948717948,79.92
redroute,832,140.0,37.83012528846154,-122.47980471153846,79.92
redroute,833,145.0,37.829132596685085,-122.47968740331491,79.92
redroute,834,150.0,37.828130165745854,-122.47956983425414,79.92
redroute,835,155.0,37.82713668508287,-122.47945331491712,79.92
redroute,836,160.0,37.826134254143646,-122.47933574585636,79.92
redroute,837,165.0,37.825120450704226,-122.47921954929578,82.80
redroute,838,170.0,37.82408135211268,-122.47909864788733,82.80
redroute,839,175.0,37.823051211267604,-122.47897878873239,82.80
redroute,840,180.0,37.822012112676056,-122.47885788732395,82.80
redroute,841,185.0,37.82098197183099,-122.47873802816902,82.80
redroute,842,190.0,37.819942873239434,-122.47861712676057,82.80
redroute,843,195.0,37.81891273239437,-122.47849726760563,82.80
redroute,844,200.0,37.81787363380282,-122.47837636619718,82.80
redroute,845,205.0,37.816843492957744,-122.47825650704226,82.80
redroute,846,210.0,37.815803255813954,-122.47813930232559,82.80
redroute,847,215.0,37.81477060240964,-122.47803397590361,82.80
redroute,848,220.0,37.8137344978166,-122.47792323144105,82.80
redroute,849,225.0,37.81270502183406,-122.47779768558952,82.80
redroute,850,230.0,37.81166707317073,-122.47767292682926,82.80
redroute,851,235.0,37.810676666666666,-122.47754666666667,68.40
redroute,852,240.0,37.80991575471698,-122.47746801886792,59.76
redroute,853,245.0,37.80918081081081,-122.47733405405405,59.76
redroute,854,250.0,37.808485789473686,-122.47696105263158,59.76
redroute,855,255.0,37.80788780487805,-122.47640512195122,59.76
redroute,856,260.0,37.80728615384616,-122.47582307692308,59.76
redroute,857,265.0,37.80675292682927,-122.47524780487805,51.12
redroute,858,270.0,37.80629125,-122.4746975,52.56
redroute,859,275.0,37.80572333333333,-122.4740458974359,77.04
redroute,860,280.0,37.804984090909095,-122.4732325,78.48
redroute,861,285.0,37.80428777777778,-122.47236444444444,78.48
redroute,862,290.0,37.80370057142857,-122.47132371428572,90.00
redroute,863,295.0,37.80310885714286,-122.46999314285713,97.20
redroute,864,300.0,37.802705,-122.46855500000001,95.76
redroute,865,305.0,37.8024123255814,-122.46707395348837,97.20
redroute,866,310.0,37.802149285714286,-122.465623,84.24
redroute,867,315.0,37.801888,-122.464271,94.32
redroute,868,320.0,37.80160488372093,-122.46281186046511,94.32
redroute,869,325.0,37.80154,-122.46131729166666,94.32
redroute,870,330.0,37.80182433962264,-122.45987452830188,94.32
redroute,871,335.0,37.80227685714286,-122.45850485714286,94.32
redroute,872,340.0,37.80271404761905,-122.45710761904762,94.32
redroute,873,345.0,37.802955624999996,-122.45566125,94.32
redroute,874,350.0,37.80293434782609,-122.45435347826087,65.52
redroute,875,355.0,37.80292863636364,-122.4535759090909,39.60
redroute,876,360.0,37.80289864864865,-122.45295108108108,39.60
redroute,877,365.0,37.802816666666665,-122.45234555555555,30.96
redroute,878,370.0,37.80276,-122.45216,0.0
redroute,879,375.0,37.80276,-122.45216,0.0
redroute,880,380.0,37.8027795,-122.45213600000001,12.96
redroute,881,385.0,37.80303024390244,-122.45180926829268,40.32
redroute,882,390.0,37.80334428571428,-122.45132714285715,40.32
redroute,883,395.0,37.80366090909091,-122.45078204545455,33.12
redroute,884,400.0,37.80379727272727,-122.45048886363637,18.72
redroute,885,405.0,37.8039049122807,-122.45021228070175,18.72
redroute,886,410.0,37.8040052631579,-122.44994315789474,18.72
redroute,887,415.0,37.8041,-122.44965666666667,18.72
redroute,888,420.0,37.804187627118644,-122.4493813559322,18.72
redroute,889,425.0,37.80427915254237,-122.44909762711865,18.72
redroute,890,430.0,37.80437,-122.44883,18.72
redroute,891,435.0,37.804505,-122.44856863636363,18.72
redroute,892,440.0,37.80466411764706,-122.44834294117648,18.72
redroute,893,445.0,37.80486500000001,-122.448165,18.72
redroute,894,450.0,37.80502,-122.44794,20.16
redroute,895,455.0,37.805125000000004,-122.44760666666667,18.72
redroute,896,460.0,37.805169,-122.4472725,23.04
redroute,897,465.0,37.805209500000004,-122.44696875,18.72
redroute,898,470.0,37.805248500000005,-122.44667625,18.72
redroute,899,475.0,37.80529014492754,-122.44636188405796,27.36
redroute,900,480.0,37.80535101449276,-122.4458931884058,30.24
redroute,901,485.0,37.805402,-122.44550100000001,18.72
redroute,902,490.0,37.8054416,-122.4451968,18.72
redroute,903,495.0,37.805479733333335,-122.44490386666666,18.72
redroute,904,500.0,37.80551933333333,-122.44459966666666,18.72
redroute,905,505.0,37.80555746666666,-122.44430673333333,18.72
redroute,906,510.0,37.805597066666664,-122.44400253333333,18.72
redroute,907,515.0,37.805649259259255,-122.44355074074075,31.68
redroute,908,520.0,37.80571015384616,-122.4430443076923,31.68
redroute,909,525.0,37.80577454545455,-122.44255272727273,31.68
redroute,910,530.0,37.8058,-122.44229,0.0
redroute,911,535.0,37.8058,-122.44229,0.0
redroute,912,540.0,37.805792499999995,-122.44228333333334,8.64
redroute,913,545.0,37.80559954198473,-122.44201244274808,28.80
redroute,914,550.0,37.80545122137404,-122.44174015267176,20.16
redroute,915,555.0,37.80530801526717,-122.4414772519084,20.16
redroute,916,560.0,37.80516992366412,-122.44122374045801,20.16
redroute,917,565.0,37.80502671755725,-122.44096083969465,20.16
redroute,918,570.0,37.80486764705882,-122.44070058823529,23.04
redroute,919,575.0,37.80469802197802,-122.44042362637363,23.04
redroute,920,580.0,37.80454681318681,-122.44011417582418,23.04
redroute,921,585.0,37.80440032967033,-122.4398143956044,23.04
redroute,922,590.0,37.80423951219512,-122.43951463414633,23.04
redroute,923,595.0,37.80407666666667,-122.43923111111111,23.04
redroute,924,600.0,37.803927333333334,-122.43891822222223,23.04
redroute,925,605.0,37.80377214814815,-122.43862896296297,23.04
redroute,926,610.0,37.803603851851854,-122.43833503703704,23.04
redroute,927,615.0,37.80344081481481,-122.4380502962963,23.04
redroute,928,620.0,37.80327251851852,-122.43775637037037,23.04
redroute,929,625.0,37.80311,-122.43747066666667,23.04
redroute,930,630.0,37.80294951219513,-122.43716195121952,23.04
redroute,931,635.0,37.80279073170732,-122.43686707317073,23.04
redroute,932,640.0,37.802683333333334,-122.43661,20.16
redroute,933,645.0,37.80269428571428,-122.43615571428572,30.24
redroute,934,650.0,37.80273255813953,-122.43584953488373,20.16
redroute,935,655.0,37.80277023255814,-122.43554813953489,20.16
redroute,936,660.0,37.80281125,-122.4352625,17.28
redroute,937,665.0,37.80284875,-122.43498125,20.16
redroute,938,670.0,37.802882499999996,-122.4347,18.72
redroute,939,675.0,37.802922823529414,-122.43440741176471,18.72
redroute,940,680.0,37.80296094117647,-122.43410247058824,18.72
redroute,941,685.0,37.802997647058824,-122.43380882352942,18.72
redroute,942,690.0,37.80303576470588,-122.43350388235294,18.72
redroute,943,695.0,37.803076823529416,-122.43320705882353,18.72
redroute,944,700.0,37.80311811764706,-122.43290529411765,18.72
redroute,945,705.0,37.80315788235294,-122.43261470588234,18.72
redroute,946,710.0,37.803197,-122.4322995,27.36
redroute,947,715.0,37.803244838709674,-122.43194677419355,18.72
redroute,948,720.0,37.803293999999994,-122.4316176,18.72
redroute,949,725.0,37.80334571428571,-122.43131428571428,20.16
redroute,950,730.0,37.80339,-122.43101333333334,18.72
redroute,951,735.0,37.80343222222222,-122.43071333333334,20.16
redroute,952,740.0,37.803479411764705,-122.43035647058824,27.36
redroute,953,745.0,37.80354,-122.42996,20.16
redroute,954,750.0,37.80357827338129,-122.42964575539568,20.16
redroute,955,755.0,37.803615179856116,-122.42934273381294,20.16
redroute,956,760.0,37.80365345323741,-122.42902848920863,20.16
redroute,957,765.0,37.80369035971223,-122.4287254676259,20.16
redroute,958,770.0,37.80372863309353,-122.42841122302158,20.16
redroute,959,775.0,37.80376714285715,-122.4281081632653,20.16
redroute,960,780.0,37.80380885245902,-122.4277831147541,25.92
redroute,961,785.0,37.803869344262296,-122.42732606557378,30.24
redroute,962,790.0,37.803917272727276,-122.42691818181818,23.04
redroute,963,795.0,37.80396057142857,-122.42661628571429,14.40
redroute,964,800.0,37.80399485714286,-122.42639342857143,14.40
redroute,965,805.0,37.804047142857144,-122.42598959183674,31.68
redroute,966,810.0,37.80410166666667,-122.42549833333332,24.48
redroute,967,815.0,37.80414857142857,-122.42504285714286,30.24
redroute,968,820.0,37.80420176470588,-122.42465117647059,24.48
redroute,969,825.0,37.80425714285714,-122.42423828571428,30.24
redroute,970,830.0,37.804315,-122.423765,30.24
redroute,971,835.0,37.80436777777778,-122.42333518518518,23.04
redroute,972,840.0,37.804415185185185,-122.42297567901234,23.04
redroute,973,845.0,37.80446111111111,-122.4226274074074,23.04
redroute,974,850.0,37.80449953125,-122.42232375,18.72
redroute,975,855.0,37.80453609375,-122.42203125,18.72
redroute,976,860.0,37.804576000000004,-122.421752,18.72
redroute,977,865.0,37.804634782608694,-122.4213256521739,30.24
redroute,978,870.0,37.80469869565217,-122.42085391304347,30.24
redroute,979,875.0,37.80476108695652,-122.4203934057971,30.24
redroute,980,880.0,37.804812758620685,-122.42001137931035,12.96
redroute,981,885.0,37.8048415862069,-122.41979779310346,12.96
redroute,982,890.0,37.804868896551724,-122.41959544827586,12.96
redroute,983,895.0,37.80489772413793,-122.41938186206896,12.96
redroute,984,900.0,37.80492503448276,-122.41917951724137,12.96
redroute,985,905.0,37.80495386206897,-122.41896593103448,12.96
redroute,986,910.0,37.8049811724138,-122.4187635862069,12.96
redroute,987,915.0,37.80501,-122.41855,12.96
redroute,988,920.0,37.805046363636365,-122.41823363636364,21.60
redroute,989,925.0,37.805084025974026,-122.41790597402597,21.60
redroute,990,930.0,37.805122352941176,-122.41760176470588,12.96
redroute,991,935.0,37.80516166666666,-122.41734555555556,21.60
redroute,992,940.0,37.80519807692308,-122.41709192307692,12.96
redroute,993,945.0,37.80521884615384,-122.41689115384617,12.96
redroute,994,950.0,37.805251500000004,-122.4165385,24.48
redroute,995,955.0,37.8053023255814,-122.41613953488373,24.48
redroute,996,960.0,37.80534976744186,-122.41575604651163,24.48
redroute,997,965.0,37.80539860465116,-122.41536127906977,24.48
redroute,998,970.0,37.805446,-122.415004,21.60
redroute,999,975.0,37.80548359223301,-122.41465737864078,24.48
redroute,1000,980.0,37.805529805825245,-122.41427446601942,24.48
redroute,1001,985.0,37.80557737864078,-122.41388029126215,24.48
redroute,1002,990.0,37.80562294520548,-122.41350890410959,20.16
redroute,1003,995.0,37.80566178082192,-122.41320561643836,20.16
redroute,1004,1000.0,37.80570205479452,-122.41289109589042,20.16
redroute,1005,1005.0,37.80574089041096,-122.41258780821917,20.16
redroute,1006,1010.0,37.80578116438356,-122.41227328767123,20.16
redroute,1007,1015.0,37.80582,-122.41197,20.16
redroute,1008,1020.0,37.80586489795918,-122.41159959183673,24.48
redroute,1009,1025.0,37.805911156462585,-122.41121795918367,24.48
redroute,1010,1030.0,37.80595605442176,-122.41084755102041,24.48
redroute,1011,1035.0,37.806002312925166,-122.41046591836735,24.48
redroute,1012,1040.0,37.806047586206894,-122.41009586206897,24.48
redroute,1013,1045.0,37.806094482758624,-122.40971482758621,24.48
redroute,1014,1050.0,37.80614647058824,-122.40928882352941,27.36
redroute,1015,1055.0,37.806203063583816,-122.40886329479768,27.36
redroute,1016,1060.0,37.80626167630058,-122.40842595375722,27.36
redroute,1017,1065.0,37.806318786127164,-122.40799982658959,27.36
redroute,1018,1070.0,37.80637739884393,-122.40756248554912,27.36
redroute,1019,1075.0,37.80643315789474,-122.40713684210526,30.24
redroute,1020,1080.0,37.806495294117646,-122.40667647058824,30.24
redroute,1021,1085.0,37.8065654054054,-122.40620972972972,21.60
redroute,1022,5.0,37.806578378378376,-122.40612108108108,0.0
redroute,1023,10.0,37.806578378378376,-122.40612108108108,0.0
redroute,1024,15.0,37.80654108108108,-122.40637594594594,31.68
redroute,1025,20.0,37.80652833333333,-122.40645444444445,31.68
redroute,1026,25.0,37.80645,-122.40696,31.68
redroute,1027,30.0,37.80643,-122.40717,0.0
redroute,1028,35.0,37.80643,-122.40717,0.0
redroute,1029,40.0,37.80643890410959,-122.40717178082191,7.20
redroute,1030,45.0,37.80673273972602,-122.4072305479452,31.68
redroute,1031,50.0,37.80712411764706,-122.40730882352942,27.36
redroute,1032,55.0,37.8073525,-122.40730500000001,10.08
redroute,1033,60.0,37.80737,-122.4073,0.0
redroute,1034,65.0,37.80737,-122.4073,0.0
redroute,1035,70.0,37.80742076923077,-122.40741,18.72
redroute,1036,75.0,37.80753,-122.40766,17.28
redroute,1037,80.0,37.8075935,-122.4078,8.64
redroute,1038,85.0,37.807652000000004,-122.40793000000001,8.64
redroute,1039,90.0,37.80770452631579,-122.40805,8.64
redroute,1040,95.0,37.80776063157895,-122.40818,8.64
redroute,1041,100.0,37.80781242105263,-122.4083,8.64
redroute,1042,105.0,37.80786852631579,-122.40843,8.64
redroute,1043,110.0,37.807920315789474,-122.40855,8.64
redroute,1044,115.0,37.80797642105263,-122.40868,8.64
redroute,1045,120.0,37.80802821052632,-122.4088,8.64
redroute,1046,125.0,37.80808333333333,-122.40893,8.64
redroute,1047,130.0,37.808123333333334,-122.40905,8.64
redroute,1048,135.0,37.80818333333333,-122.40922,11.52
redroute,1049,140.0,37.8082925,-122.4093025,11.52
redroute,1050,145.0,37.80832565217391,-122.40948565217391,11.52
redroute,1051,150.0,37.80835,-122.40967,11.52
redroute,1052,155.0,37.80837073170731,-122.40986073170731,11.52
redroute,1053,160.0,37.80839024390244,-122.41004024390243,11.52
redroute,1054,5.0,37.8084,-122.410142,0.0
redroute,1055,10.0,37.8084,-122.410142,0.0
redroute,1056,15.0,37.80840923076923,-122.41023153846153,11.52
redroute,1057,20.0,37.808425641025636,-122.41041205128205,11.52
redroute,1058,25.0,37.8084475,-122.4106,11.52
redroute,1059,30.0,37.8083825,-122.41074625,11.52
redroute,1060,35.0,37.80833,-122.41079,0.0
redroute,1061,40.0,37.80833,-122.41079,0.0
redroute,1062,45.0,37.808335,-122.410835,8.64
redroute,1063,50.0,37.808355,-122.41098090909091,8.64
redroute,1064,55.0,37.808375,-122.41111545454545,8.64
redroute,1065,60.0,37.80839666666667,-122.41126121212122,8.64
redroute,1066,65.0,37.808416666666666,-122.41139575757576,8.64
redroute,1067,70.0,37.808438333333335,-122.41154151515151,8.64
redroute,1068,75.0,37.80845789473684,-122.41167657894736,8.64
redroute,1069,80.0,37.808478421052634,-122.41182368421052,8.64
redroute,1070,85.0,37.80849736842105,-122.4119594736842,8.64
redroute,1071,90.0,37.808519677419355,-122.41211774193548,11.52
redroute,1072,95.0,37.80854709677419,-122.41230967741936,11.52
redroute,1073,100.0,37.808576,-122.412488,11.52
redroute,1074,105.0,37.80861,-122.41266,5.76
redroute,1075,110.0,37.8086052,-122.41271359999999,4.32
redroute,1076,115.0,37.808595600000004,-122.4127808,4.32
redroute,1077,120.0,37.8085876,-122.4128368,4.32
redroute,1078,125.0,37.808578000000004,-122.412904,4.32
redroute,1079,130.0,37.80857,-122.41296,4.32
redroute,1080,135.0,37.80856162790698,-122.4130276744186,4.32
redroute,1081,140.0,37.808554651162794,-122.41308406976744,4.32
redroute,1082,145.0,37.80854627906977,-122.41315174418604,4.32
redroute,1083,150.0,37.808539302325585,-122.41320813953489,4.32
redroute,1084,155.0,37.80853093023256,-122.41327581395349,4.32
redroute,1085,160.0,37.808523953488375,-122.41333220930233,4.32
redroute,1086,165.0,37.80851558139535,-122.41339988372093,4.32
redroute,1087,170.0,37.808508604651166,-122.41345627906976,4.32
redroute,1088,175.0,37.80850023255814,-122.41352395348837,4.32
redroute,1089,180.0,37.80849325581396,-122.4135803488372,4.32
redroute,1090,185.0,37.80848488372093,-122.4136480232558,4.32
redroute,1091,190.0,37.80847790697675,-122.41370441860465,4.32
redroute,1092,195.0,37.80846953488372,-122.41377209302325,4.32
redroute,1093,200.0,37.80846255813954,-122.41382848837209,4.32
redroute,1094,205.0,37.80845418604651,-122.41389616279069,4.32
